state_code,date,common_date_id
AK,2018-12,2018-12AK
AK,2019-01,2019-01AK
AK,2019-02,2019-02AK
AK,2019-03,2019-03AK
AK,2019-04,2019-04AK
AK,2019-05,2019-05AK
AK,2019-06,2019-06AK
AK,2019-07,2019-07AK
AK,2019-08,2019-08AK
AK,2019-09,2019-09AK
AK,2019-10,2019-10AK
AK,2019-11,2019-11AK
AK,2019-12,2019-12AK
AK,2020-01,2020-01AK
AK,2020-02,2020-02AK
AK,2020-03,2020-03AK
AK,2020-04,2020-04AK
AK,2020-05,2020-05AK
AK,2020-06,2020-06AK
AK,2020-07,2020-07AK
AK,2020-08,2020-08AK
AK,2020-09,2020-09AK
AK,2020-10,2020-10AK
AK,2020-11,2020-11AK
AK,2020-12,2020-12AK
AK,2021-01,2021-01AK
AK,2021-02,2021-02AK
AK,2021-03,2021-03AK
AK,2021-04,2021-04AK
AK,2021-05,2021-05AK
AK,2021-06,2021-06AK
AK,2021-07,2021-07AK
AK,2021-08,2021-08AK
AK,2021-09,2021-09AK
AK,2021-10,2021-10AK
AK,2021-11,2021-11AK
AK,2021-12,2021-12AK
AK,2022-01,2022-01AK
AK,2022-02,2022-02AK
AK,2022-03,2022-03AK
AK,2022-04,2022-04AK
AK,2022-05,2022-05AK
AK,2022-06,2022-06AK
AK,2022-07,2022-07AK
AK,2022-08,2022-08AK
AK,2022-09,2022-09AK
AK,2022-10,2022-10AK
AK,2022-11,2022-11AK
AK,2022-12,2022-12AK
AK,2023-01,2023-01AK
AK,2023-02,2023-02AK
AK,2023-03,2023-03AK
AK,2023-04,2023-04AK
AK,2023-05,2023-05AK
AK,2023-06,2023-06AK
AL,2018-12,2018-12AL
AL,2019-01,2019-01AL
AL,2019-02,2019-02AL
AL,2019-03,2019-03AL
AL,2019-04,2019-04AL
AL,2019-05,2019-05AL
AL,2019-06,2019-06AL
AL,2019-07,2019-07AL
AL,2019-08,2019-08AL
AL,2019-09,2019-09AL
AL,2019-10,2019-10AL
AL,2019-11,2019-11AL
AL,2019-12,2019-12AL
AL,2020-01,2020-01AL
AL,2020-02,2020-02AL
AL,2020-03,2020-03AL
AL,2020-04,2020-04AL
AL,2020-05,2020-05AL
AL,2020-06,2020-06AL
AL,2020-07,2020-07AL
AL,2020-08,2020-08AL
AL,2020-09,2020-09AL
AL,2020-10,2020-10AL
AL,2020-11,2020-11AL
AL,2020-12,2020-12AL
AL,2021-01,2021-01AL
AL,2021-02,2021-02AL
AL,2021-03,2021-03AL
AL,2021-04,2021-04AL
AL,2021-05,2021-05AL
AL,2021-06,2021-06AL
AL,2021-07,2021-07AL
AL,2021-08,2021-08AL
AL,2021-09,2021-09AL
AL,2021-10,2021-10AL
AL,2021-11,2021-11AL
AL,2021-12,2021-12AL
AL,2022-01,2022-01AL
AL,2022-02,2022-02AL
AL,2022-03,2022-03AL
AL,2022-04,2022-04AL
AL,2022-05,2022-05AL
AL,2022-06,2022-06AL
AL,2022-07,2022-07AL
AL,2022-08,2022-08AL
AL,2022-09,2022-09AL
AL,2022-10,2022-10AL
AL,2022-11,2022-11AL
AL,2022-12,2022-12AL
AL,2023-01,2023-01AL
AL,2023-02,2023-02AL
AL,2023-03,2023-03AL
AL,2023-04,2023-04AL
AL,2023-05,2023-05AL
AL,2023-06,2023-06AL
AR,2018-12,2018-12AR
AR,2019-01,2019-01AR
AR,2019-02,2019-02AR
AR,2019-03,2019-03AR
AR,2019-04,2019-04AR
AR,2019-05,2019-05AR
AR,2019-06,2019-06AR
AR,2019-07,2019-07AR
AR,2019-08,2019-08AR
AR,2019-09,2019-09AR
AR,2019-10,2019-10AR
AR,2019-11,2019-11AR
AR,2019-12,2019-12AR
AR,2020-01,2020-01AR
AR,2020-02,2020-02AR
AR,2020-03,2020-03AR
AR,2020-04,2020-04AR
AR,2020-05,2020-05AR
AR,2020-06,2020-06AR
AR,2020-07,2020-07AR
AR,2020-08,2020-08AR
AR,2020-09,2020-09AR
AR,2020-10,2020-10AR
AR,2020-11,2020-11AR
AR,2020-12,2020-12AR
AR,2021-01,2021-01AR
AR,2021-02,2021-02AR
AR,2021-03,2021-03AR
AR,2021-04,2021-04AR
AR,2021-05,2021-05AR
AR,2021-06,2021-06AR
AR,2021-07,2021-07AR
AR,2021-08,2021-08AR
AR,2021-09,2021-09AR
AR,2021-10,2021-10AR
AR,2021-11,2021-11AR
AR,2021-12,2021-12AR
AR,2022-01,2022-01AR
AR,2022-02,2022-02AR
AR,2022-03,2022-03AR
AR,2022-04,2022-04AR
AR,2022-05,2022-05AR
AR,2022-06,2022-06AR
AR,2022-07,2022-07AR
AR,2022-08,2022-08AR
AR,2022-09,2022-09AR
AR,2022-10,2022-10AR
AR,2022-11,2022-11AR
AR,2022-12,2022-12AR
AR,2023-01,2023-01AR
AR,2023-02,2023-02AR
AR,2023-03,2023-03AR
AR,2023-04,2023-04AR
AR,2023-05,2023-05AR
AR,2023-06,2023-06AR
AZ,2018-12,2018-12AZ
AZ,2019-01,2019-01AZ
AZ,2019-02,2019-02AZ
AZ,2019-03,2019-03AZ
AZ,2019-04,2019-04AZ
AZ,2019-05,2019-05AZ
AZ,2019-06,2019-06AZ
AZ,2019-07,2019-07AZ
AZ,2019-08,2019-08AZ
AZ,2019-09,2019-09AZ
AZ,2019-10,2019-10AZ
AZ,2019-11,2019-11AZ
AZ,2019-12,2019-12AZ
AZ,2020-01,2020-01AZ
AZ,2020-02,2020-02AZ
AZ,2020-03,2020-03AZ
AZ,2020-04,2020-04AZ
AZ,2020-05,2020-05AZ
AZ,2020-06,2020-06AZ
AZ,2020-07,2020-07AZ
AZ,2020-08,2020-08AZ
AZ,2020-09,2020-09AZ
AZ,2020-10,2020-10AZ
AZ,2020-11,2020-11AZ
AZ,2020-12,2020-12AZ
AZ,2021-01,2021-01AZ
AZ,2021-02,2021-02AZ
AZ,2021-03,2021-03AZ
AZ,2021-04,2021-04AZ
AZ,2021-05,2021-05AZ
AZ,2021-06,2021-06AZ
AZ,2021-07,2021-07AZ
AZ,2021-08,2021-08AZ
AZ,2021-09,2021-09AZ
AZ,2021-10,2021-10AZ
AZ,2021-11,2021-11AZ
AZ,2021-12,2021-12AZ
AZ,2022-01,2022-01AZ
AZ,2022-02,2022-02AZ
AZ,2022-03,2022-03AZ
AZ,2022-04,2022-04AZ
AZ,2022-05,2022-05AZ
AZ,2022-06,2022-06AZ
AZ,2022-07,2022-07AZ
AZ,2022-08,2022-08AZ
AZ,2022-09,2022-09AZ
AZ,2022-10,2022-10AZ
AZ,2022-11,2022-11AZ
AZ,2022-12,2022-12AZ
AZ,2023-01,2023-01AZ
AZ,2023-02,2023-02AZ
AZ,2023-03,2023-03AZ
AZ,2023-04,2023-04AZ
AZ,2023-05,2023-05AZ
AZ,2023-06,2023-06AZ
CA,2018-12,2018-12CA
CA,2019-01,2019-01CA
CA,2019-02,2019-02CA
CA,2019-03,2019-03CA
CA,2019-04,2019-04CA
CA,2019-05,2019-05CA
CA,2019-06,2019-06CA
CA,2019-07,2019-07CA
CA,2019-08,2019-08CA
CA,2019-09,2019-09CA
CA,2019-10,2019-10CA
CA,2019-11,2019-11CA
CA,2019-12,2019-12CA
CA,2020-01,2020-01CA
CA,2020-02,2020-02CA
CA,2020-03,2020-03CA
CA,2020-04,2020-04CA
CA,2020-05,2020-05CA
CA,2020-06,2020-06CA
CA,2020-07,2020-07CA
CA,2020-08,2020-08CA
CA,2020-09,2020-09CA
CA,2020-10,2020-10CA
CA,2020-11,2020-11CA
CA,2020-12,2020-12CA
CA,2021-01,2021-01CA
CA,2021-02,2021-02CA
CA,2021-03,2021-03CA
CA,2021-04,2021-04CA
CA,2021-05,2021-05CA
CA,2021-06,2021-06CA
CA,2021-07,2021-07CA
CA,2021-08,2021-08CA
CA,2021-09,2021-09CA
CA,2021-10,2021-10CA
CA,2021-11,2021-11CA
CA,2021-12,2021-12CA
CA,2022-01,2022-01CA
CA,2022-02,2022-02CA
CA,2022-03,2022-03CA
CA,2022-04,2022-04CA
CA,2022-05,2022-05CA
CA,2022-06,2022-06CA
CA,2022-07,2022-07CA
CA,2022-08,2022-08CA
CA,2022-09,2022-09CA
CA,2022-10,2022-10CA
CA,2022-11,2022-11CA
CA,2022-12,2022-12CA
CA,2023-01,2023-01CA
CA,2023-02,2023-02CA
CA,2023-03,2023-03CA
CA,2023-04,2023-04CA
CA,2023-05,2023-05CA
CA,2023-06,2023-06CA
CO,2018-12,2018-12CO
CO,2019-01,2019-01CO
CO,2019-02,2019-02CO
CO,2019-03,2019-03CO
CO,2019-04,2019-04CO
CO,2019-05,2019-05CO
CO,2019-06,2019-06CO
CO,2019-07,2019-07CO
CO,2019-08,2019-08CO
CO,2019-09,2019-09CO
CO,2019-10,2019-10CO
CO,2019-11,2019-11CO
CO,2019-12,2019-12CO
CO,2020-01,2020-01CO
CO,2020-02,2020-02CO
CO,2020-03,2020-03CO
CO,2020-04,2020-04CO
CO,2020-05,2020-05CO
CO,2020-06,2020-06CO
CO,2020-07,2020-07CO
CO,2020-08,2020-08CO
CO,2020-09,2020-09CO
CO,2020-10,2020-10CO
CO,2020-11,2020-11CO
CO,2020-12,2020-12CO
CO,2021-01,2021-01CO
CO,2021-02,2021-02CO
CO,2021-03,2021-03CO
CO,2021-04,2021-04CO
CO,2021-05,2021-05CO
CO,2021-06,2021-06CO
CO,2021-07,2021-07CO
CO,2021-08,2021-08CO
CO,2021-09,2021-09CO
CO,2021-10,2021-10CO
CO,2021-11,2021-11CO
CO,2021-12,2021-12CO
CO,2022-01,2022-01CO
CO,2022-02,2022-02CO
CO,2022-03,2022-03CO
CO,2022-04,2022-04CO
CO,2022-05,2022-05CO
CO,2022-06,2022-06CO
CO,2022-07,2022-07CO
CO,2022-08,2022-08CO
CO,2022-09,2022-09CO
CO,2022-10,2022-10CO
CO,2022-11,2022-11CO
CO,2022-12,2022-12CO
CO,2023-01,2023-01CO
CO,2023-02,2023-02CO
CO,2023-03,2023-03CO
CO,2023-04,2023-04CO
CO,2023-05,2023-05CO
CO,2023-06,2023-06CO
CT,2018-12,2018-12CT
CT,2019-01,2019-01CT
CT,2019-02,2019-02CT
CT,2019-03,2019-03CT
CT,2019-04,2019-04CT
CT,2019-05,2019-05CT
CT,2019-06,2019-06CT
CT,2019-07,2019-07CT
CT,2019-08,2019-08CT
CT,2019-09,2019-09CT
CT,2019-10,2019-10CT
CT,2019-11,2019-11CT
CT,2019-12,2019-12CT
CT,2020-01,2020-01CT
CT,2020-02,2020-02CT
CT,2020-03,2020-03CT
CT,2020-04,2020-04CT
CT,2020-05,2020-05CT
CT,2020-06,2020-06CT
CT,2020-07,2020-07CT
CT,2020-08,2020-08CT
CT,2020-09,2020-09CT
CT,2020-10,2020-10CT
CT,2020-11,2020-11CT
CT,2020-12,2020-12CT
CT,2021-01,2021-01CT
CT,2021-02,2021-02CT
CT,2021-03,2021-03CT
CT,2021-04,2021-04CT
CT,2021-05,2021-05CT
CT,2021-06,2021-06CT
CT,2021-07,2021-07CT
CT,2021-08,2021-08CT
CT,2021-09,2021-09CT
CT,2021-10,2021-10CT
CT,2021-11,2021-11CT
CT,2021-12,2021-12CT
CT,2022-01,2022-01CT
CT,2022-02,2022-02CT
CT,2022-03,2022-03CT
CT,2022-04,2022-04CT
CT,2022-05,2022-05CT
CT,2022-06,2022-06CT
CT,2022-07,2022-07CT
CT,2022-08,2022-08CT
CT,2022-09,2022-09CT
CT,2022-10,2022-10CT
CT,2022-11,2022-11CT
CT,2022-12,2022-12CT
CT,2023-01,2023-01CT
CT,2023-02,2023-02CT
CT,2023-03,2023-03CT
CT,2023-04,2023-04CT
CT,2023-05,2023-05CT
CT,2023-06,2023-06CT
DE,2018-12,2018-12DE
DE,2019-01,2019-01DE
DE,2019-02,2019-02DE
DE,2019-03,2019-03DE
DE,2019-04,2019-04DE
DE,2019-05,2019-05DE
DE,2019-06,2019-06DE
DE,2019-07,2019-07DE
DE,2019-08,2019-08DE
DE,2019-09,2019-09DE
DE,2019-10,2019-10DE
DE,2019-11,2019-11DE
DE,2019-12,2019-12DE
DE,2020-01,2020-01DE
DE,2020-02,2020-02DE
DE,2020-03,2020-03DE
DE,2020-04,2020-04DE
DE,2020-05,2020-05DE
DE,2020-06,2020-06DE
DE,2020-07,2020-07DE
DE,2020-08,2020-08DE
DE,2020-09,2020-09DE
DE,2020-10,2020-10DE
DE,2020-11,2020-11DE
DE,2020-12,2020-12DE
DE,2021-01,2021-01DE
DE,2021-02,2021-02DE
DE,2021-03,2021-03DE
DE,2021-04,2021-04DE
DE,2021-05,2021-05DE
DE,2021-06,2021-06DE
DE,2021-07,2021-07DE
DE,2021-08,2021-08DE
DE,2021-09,2021-09DE
DE,2021-10,2021-10DE
DE,2021-11,2021-11DE
DE,2021-12,2021-12DE
DE,2022-01,2022-01DE
DE,2022-02,2022-02DE
DE,2022-03,2022-03DE
DE,2022-04,2022-04DE
DE,2022-05,2022-05DE
DE,2022-06,2022-06DE
DE,2022-07,2022-07DE
DE,2022-08,2022-08DE
DE,2022-09,2022-09DE
DE,2022-10,2022-10DE
DE,2022-11,2022-11DE
DE,2022-12,2022-12DE
DE,2023-01,2023-01DE
DE,2023-02,2023-02DE
DE,2023-03,2023-03DE
DE,2023-04,2023-04DE
DE,2023-05,2023-05DE
DE,2023-06,2023-06DE
FL,2018-12,2018-12FL
FL,2019-01,2019-01FL
FL,2019-02,2019-02FL
FL,2019-03,2019-03FL
FL,2019-04,2019-04FL
FL,2019-05,2019-05FL
FL,2019-06,2019-06FL
FL,2019-07,2019-07FL
FL,2019-08,2019-08FL
FL,2019-09,2019-09FL
FL,2019-10,2019-10FL
FL,2019-11,2019-11FL
FL,2019-12,2019-12FL
FL,2020-01,2020-01FL
FL,2020-02,2020-02FL
FL,2020-03,2020-03FL
FL,2020-04,2020-04FL
FL,2020-05,2020-05FL
FL,2020-06,2020-06FL
FL,2020-07,2020-07FL
FL,2020-08,2020-08FL
FL,2020-09,2020-09FL
FL,2020-10,2020-10FL
FL,2020-11,2020-11FL
FL,2020-12,2020-12FL
FL,2021-01,2021-01FL
FL,2021-02,2021-02FL
FL,2021-03,2021-03FL
FL,2021-04,2021-04FL
FL,2021-05,2021-05FL
FL,2021-06,2021-06FL
FL,2021-07,2021-07FL
FL,2021-08,2021-08FL
FL,2021-09,2021-09FL
FL,2021-10,2021-10FL
FL,2021-11,2021-11FL
FL,2021-12,2021-12FL
FL,2022-01,2022-01FL
FL,2022-02,2022-02FL
FL,2022-03,2022-03FL
FL,2022-04,2022-04FL
FL,2022-05,2022-05FL
FL,2022-06,2022-06FL
FL,2022-07,2022-07FL
FL,2022-08,2022-08FL
FL,2022-09,2022-09FL
FL,2022-10,2022-10FL
FL,2022-11,2022-11FL
FL,2022-12,2022-12FL
FL,2023-01,2023-01FL
FL,2023-02,2023-02FL
FL,2023-03,2023-03FL
FL,2023-04,2023-04FL
FL,2023-05,2023-05FL
FL,2023-06,2023-06FL
GA,2018-12,2018-12GA
GA,2019-01,2019-01GA
GA,2019-02,2019-02GA
GA,2019-03,2019-03GA
GA,2019-04,2019-04GA
GA,2019-05,2019-05GA
GA,2019-06,2019-06GA
GA,2019-07,2019-07GA
GA,2019-08,2019-08GA
GA,2019-09,2019-09GA
GA,2019-10,2019-10GA
GA,2019-11,2019-11GA
GA,2019-12,2019-12GA
GA,2020-01,2020-01GA
GA,2020-02,2020-02GA
GA,2020-03,2020-03GA
GA,2020-04,2020-04GA
GA,2020-05,2020-05GA
GA,2020-06,2020-06GA
GA,2020-07,2020-07GA
GA,2020-08,2020-08GA
GA,2020-09,2020-09GA
GA,2020-10,2020-10GA
GA,2020-11,2020-11GA
GA,2020-12,2020-12GA
GA,2021-01,2021-01GA
GA,2021-02,2021-02GA
GA,2021-03,2021-03GA
GA,2021-04,2021-04GA
GA,2021-05,2021-05GA
GA,2021-06,2021-06GA
GA,2021-07,2021-07GA
GA,2021-08,2021-08GA
GA,2021-09,2021-09GA
GA,2021-10,2021-10GA
GA,2021-11,2021-11GA
GA,2021-12,2021-12GA
GA,2022-01,2022-01GA
GA,2022-02,2022-02GA
GA,2022-03,2022-03GA
GA,2022-04,2022-04GA
GA,2022-05,2022-05GA
GA,2022-06,2022-06GA
GA,2022-07,2022-07GA
GA,2022-08,2022-08GA
GA,2022-09,2022-09GA
GA,2022-10,2022-10GA
GA,2022-11,2022-11GA
GA,2022-12,2022-12GA
GA,2023-01,2023-01GA
GA,2023-02,2023-02GA
GA,2023-03,2023-03GA
GA,2023-04,2023-04GA
GA,2023-05,2023-05GA
GA,2023-06,2023-06GA
HI,2018-12,2018-12HI
HI,2019-01,2019-01HI
HI,2019-02,2019-02HI
HI,2019-03,2019-03HI
HI,2019-04,2019-04HI
HI,2019-05,2019-05HI
HI,2019-06,2019-06HI
HI,2019-07,2019-07HI
HI,2019-08,2019-08HI
HI,2019-09,2019-09HI
HI,2019-10,2019-10HI
HI,2019-11,2019-11HI
HI,2019-12,2019-12HI
HI,2020-01,2020-01HI
HI,2020-02,2020-02HI
HI,2020-03,2020-03HI
HI,2020-04,2020-04HI
HI,2020-05,2020-05HI
HI,2020-06,2020-06HI
HI,2020-07,2020-07HI
HI,2020-08,2020-08HI
HI,2020-09,2020-09HI
HI,2020-10,2020-10HI
HI,2020-11,2020-11HI
HI,2020-12,2020-12HI
HI,2021-01,2021-01HI
HI,2021-02,2021-02HI
HI,2021-03,2021-03HI
HI,2021-04,2021-04HI
HI,2021-05,2021-05HI
HI,2021-06,2021-06HI
HI,2021-07,2021-07HI
HI,2021-08,2021-08HI
HI,2021-09,2021-09HI
HI,2021-10,2021-10HI
HI,2021-11,2021-11HI
HI,2021-12,2021-12HI
HI,2022-01,2022-01HI
HI,2022-02,2022-02HI
HI,2022-03,2022-03HI
HI,2022-04,2022-04HI
HI,2022-05,2022-05HI
HI,2022-06,2022-06HI
HI,2022-07,2022-07HI
HI,2022-08,2022-08HI
HI,2022-09,2022-09HI
HI,2022-10,2022-10HI
HI,2022-11,2022-11HI
HI,2022-12,2022-12HI
HI,2023-01,2023-01HI
HI,2023-02,2023-02HI
HI,2023-03,2023-03HI
HI,2023-04,2023-04HI
HI,2023-05,2023-05HI
HI,2023-06,2023-06HI
IA,2018-12,2018-12IA
IA,2019-01,2019-01IA
IA,2019-02,2019-02IA
IA,2019-03,2019-03IA
IA,2019-04,2019-04IA
IA,2019-05,2019-05IA
IA,2019-06,2019-06IA
IA,2019-07,2019-07IA
IA,2019-08,2019-08IA
IA,2019-09,2019-09IA
IA,2019-10,2019-10IA
IA,2019-11,2019-11IA
IA,2019-12,2019-12IA
IA,2020-01,2020-01IA
IA,2020-02,2020-02IA
IA,2020-03,2020-03IA
IA,2020-04,2020-04IA
IA,2020-05,2020-05IA
IA,2020-06,2020-06IA
IA,2020-07,2020-07IA
IA,2020-08,2020-08IA
IA,2020-09,2020-09IA
IA,2020-10,2020-10IA
IA,2020-11,2020-11IA
IA,2020-12,2020-12IA
IA,2021-01,2021-01IA
IA,2021-02,2021-02IA
IA,2021-03,2021-03IA
IA,2021-04,2021-04IA
IA,2021-05,2021-05IA
IA,2021-06,2021-06IA
IA,2021-07,2021-07IA
IA,2021-08,2021-08IA
IA,2021-09,2021-09IA
IA,2021-10,2021-10IA
IA,2021-11,2021-11IA
IA,2021-12,2021-12IA
IA,2022-01,2022-01IA
IA,2022-02,2022-02IA
IA,2022-03,2022-03IA
IA,2022-04,2022-04IA
IA,2022-05,2022-05IA
IA,2022-06,2022-06IA
IA,2022-07,2022-07IA
IA,2022-08,2022-08IA
IA,2022-09,2022-09IA
IA,2022-10,2022-10IA
IA,2022-11,2022-11IA
IA,2022-12,2022-12IA
IA,2023-01,2023-01IA
IA,2023-02,2023-02IA
IA,2023-03,2023-03IA
IA,2023-04,2023-04IA
IA,2023-05,2023-05IA
IA,2023-06,2023-06IA
ID,2018-12,2018-12ID
ID,2019-01,2019-01ID
ID,2019-02,2019-02ID
ID,2019-03,2019-03ID
ID,2019-04,2019-04ID
ID,2019-05,2019-05ID
ID,2019-06,2019-06ID
ID,2019-07,2019-07ID
ID,2019-08,2019-08ID
ID,2019-09,2019-09ID
ID,2019-10,2019-10ID
ID,2019-11,2019-11ID
ID,2019-12,2019-12ID
ID,2020-01,2020-01ID
ID,2020-02,2020-02ID
ID,2020-03,2020-03ID
ID,2020-04,2020-04ID
ID,2020-05,2020-05ID
ID,2020-06,2020-06ID
ID,2020-07,2020-07ID
ID,2020-08,2020-08ID
ID,2020-09,2020-09ID
ID,2020-10,2020-10ID
ID,2020-11,2020-11ID
ID,2020-12,2020-12ID
ID,2021-01,2021-01ID
ID,2021-02,2021-02ID
ID,2021-03,2021-03ID
ID,2021-04,2021-04ID
ID,2021-05,2021-05ID
ID,2021-06,2021-06ID
ID,2021-07,2021-07ID
ID,2021-08,2021-08ID
ID,2021-09,2021-09ID
ID,2021-10,2021-10ID
ID,2021-11,2021-11ID
ID,2021-12,2021-12ID
ID,2022-01,2022-01ID
ID,2022-02,2022-02ID
ID,2022-03,2022-03ID
ID,2022-04,2022-04ID
ID,2022-05,2022-05ID
ID,2022-06,2022-06ID
ID,2022-07,2022-07ID
ID,2022-08,2022-08ID
ID,2022-09,2022-09ID
ID,2022-10,2022-10ID
ID,2022-11,2022-11ID
ID,2022-12,2022-12ID
ID,2023-01,2023-01ID
ID,2023-02,2023-02ID
ID,2023-03,2023-03ID
ID,2023-04,2023-04ID
ID,2023-05,2023-05ID
ID,2023-06,2023-06ID
IL,2018-12,2018-12IL
IL,2019-01,2019-01IL
IL,2019-02,2019-02IL
IL,2019-03,2019-03IL
IL,2019-04,2019-04IL
IL,2019-05,2019-05IL
IL,2019-06,2019-06IL
IL,2019-07,2019-07IL
IL,2019-08,2019-08IL
IL,2019-09,2019-09IL
IL,2019-10,2019-10IL
IL,2019-11,2019-11IL
IL,2019-12,2019-12IL
IL,2020-01,2020-01IL
IL,2020-02,2020-02IL
IL,2020-03,2020-03IL
IL,2020-04,2020-04IL
IL,2020-05,2020-05IL
IL,2020-06,2020-06IL
IL,2020-07,2020-07IL
IL,2020-08,2020-08IL
IL,2020-09,2020-09IL
IL,2020-10,2020-10IL
IL,2020-11,2020-11IL
IL,2020-12,2020-12IL
IL,2021-01,2021-01IL
IL,2021-02,2021-02IL
IL,2021-03,2021-03IL
IL,2021-04,2021-04IL
IL,2021-05,2021-05IL
IL,2021-06,2021-06IL
IL,2021-07,2021-07IL
IL,2021-08,2021-08IL
IL,2021-09,2021-09IL
IL,2021-10,2021-10IL
IL,2021-11,2021-11IL
IL,2021-12,2021-12IL
IL,2022-01,2022-01IL
IL,2022-02,2022-02IL
IL,2022-03,2022-03IL
IL,2022-04,2022-04IL
IL,2022-05,2022-05IL
IL,2022-06,2022-06IL
IL,2022-07,2022-07IL
IL,2022-08,2022-08IL
IL,2022-09,2022-09IL
IL,2022-10,2022-10IL
IL,2022-11,2022-11IL
IL,2022-12,2022-12IL
IL,2023-01,2023-01IL
IL,2023-02,2023-02IL
IL,2023-03,2023-03IL
IL,2023-04,2023-04IL
IL,2023-05,2023-05IL
IL,2023-06,2023-06IL
IN,2018-12,2018-12IN
IN,2019-01,2019-01IN
IN,2019-02,2019-02IN
IN,2019-03,2019-03IN
IN,2019-04,2019-04IN
IN,2019-05,2019-05IN
IN,2019-06,2019-06IN
IN,2019-07,2019-07IN
IN,2019-08,2019-08IN
IN,2019-09,2019-09IN
IN,2019-10,2019-10IN
IN,2019-11,2019-11IN
IN,2019-12,2019-12IN
IN,2020-01,2020-01IN
IN,2020-02,2020-02IN
IN,2020-03,2020-03IN
IN,2020-04,2020-04IN
IN,2020-05,2020-05IN
IN,2020-06,2020-06IN
IN,2020-07,2020-07IN
IN,2020-08,2020-08IN
IN,2020-09,2020-09IN
IN,2020-10,2020-10IN
IN,2020-11,2020-11IN
IN,2020-12,2020-12IN
IN,2021-01,2021-01IN
IN,2021-02,2021-02IN
IN,2021-03,2021-03IN
IN,2021-04,2021-04IN
IN,2021-05,2021-05IN
IN,2021-06,2021-06IN
IN,2021-07,2021-07IN
IN,2021-08,2021-08IN
IN,2021-09,2021-09IN
IN,2021-10,2021-10IN
IN,2021-11,2021-11IN
IN,2021-12,2021-12IN
IN,2022-01,2022-01IN
IN,2022-02,2022-02IN
IN,2022-03,2022-03IN
IN,2022-04,2022-04IN
IN,2022-05,2022-05IN
IN,2022-06,2022-06IN
IN,2022-07,2022-07IN
IN,2022-08,2022-08IN
IN,2022-09,2022-09IN
IN,2022-10,2022-10IN
IN,2022-11,2022-11IN
IN,2022-12,2022-12IN
IN,2023-01,2023-01IN
IN,2023-02,2023-02IN
IN,2023-03,2023-03IN
IN,2023-04,2023-04IN
IN,2023-05,2023-05IN
IN,2023-06,2023-06IN
KS,2018-12,2018-12KS
KS,2019-01,2019-01KS
KS,2019-02,2019-02KS
KS,2019-03,2019-03KS
KS,2019-04,2019-04KS
KS,2019-05,2019-05KS
KS,2019-06,2019-06KS
KS,2019-07,2019-07KS
KS,2019-08,2019-08KS
KS,2019-09,2019-09KS
KS,2019-10,2019-10KS
KS,2019-11,2019-11KS
KS,2019-12,2019-12KS
KS,2020-01,2020-01KS
KS,2020-02,2020-02KS
KS,2020-03,2020-03KS
KS,2020-04,2020-04KS
KS,2020-05,2020-05KS
KS,2020-06,2020-06KS
KS,2020-07,2020-07KS
KS,2020-08,2020-08KS
KS,2020-09,2020-09KS
KS,2020-10,2020-10KS
KS,2020-11,2020-11KS
KS,2020-12,2020-12KS
KS,2021-01,2021-01KS
KS,2021-02,2021-02KS
KS,2021-03,2021-03KS
KS,2021-04,2021-04KS
KS,2021-05,2021-05KS
KS,2021-06,2021-06KS
KS,2021-07,2021-07KS
KS,2021-08,2021-08KS
KS,2021-09,2021-09KS
KS,2021-10,2021-10KS
KS,2021-11,2021-11KS
KS,2021-12,2021-12KS
KS,2022-01,2022-01KS
KS,2022-02,2022-02KS
KS,2022-03,2022-03KS
KS,2022-04,2022-04KS
KS,2022-05,2022-05KS
KS,2022-06,2022-06KS
KS,2022-07,2022-07KS
KS,2022-08,2022-08KS
KS,2022-09,2022-09KS
KS,2022-10,2022-10KS
KS,2022-11,2022-11KS
KS,2022-12,2022-12KS
KS,2023-01,2023-01KS
KS,2023-02,2023-02KS
KS,2023-03,2023-03KS
KS,2023-04,2023-04KS
KS,2023-05,2023-05KS
KS,2023-06,2023-06KS
KY,2018-12,2018-12KY
KY,2019-01,2019-01KY
KY,2019-02,2019-02KY
KY,2019-03,2019-03KY
KY,2019-04,2019-04KY
KY,2019-05,2019-05KY
KY,2019-06,2019-06KY
KY,2019-07,2019-07KY
KY,2019-08,2019-08KY
KY,2019-09,2019-09KY
KY,2019-10,2019-10KY
KY,2019-11,2019-11KY
KY,2019-12,2019-12KY
KY,2020-01,2020-01KY
KY,2020-02,2020-02KY
KY,2020-03,2020-03KY
KY,2020-04,2020-04KY
KY,2020-05,2020-05KY
KY,2020-06,2020-06KY
KY,2020-07,2020-07KY
KY,2020-08,2020-08KY
KY,2020-09,2020-09KY
KY,2020-10,2020-10KY
KY,2020-11,2020-11KY
KY,2020-12,2020-12KY
KY,2021-01,2021-01KY
KY,2021-02,2021-02KY
KY,2021-03,2021-03KY
KY,2021-04,2021-04KY
KY,2021-05,2021-05KY
KY,2021-06,2021-06KY
KY,2021-07,2021-07KY
KY,2021-08,2021-08KY
KY,2021-09,2021-09KY
KY,2021-10,2021-10KY
KY,2021-11,2021-11KY
KY,2021-12,2021-12KY
KY,2022-01,2022-01KY
KY,2022-02,2022-02KY
KY,2022-03,2022-03KY
KY,2022-04,2022-04KY
KY,2022-05,2022-05KY
KY,2022-06,2022-06KY
KY,2022-07,2022-07KY
KY,2022-08,2022-08KY
KY,2022-09,2022-09KY
KY,2022-10,2022-10KY
KY,2022-11,2022-11KY
KY,2022-12,2022-12KY
KY,2023-01,2023-01KY
KY,2023-02,2023-02KY
KY,2023-03,2023-03KY
KY,2023-04,2023-04KY
KY,2023-05,2023-05KY
KY,2023-06,2023-06KY
LA,2018-12,2018-12LA
LA,2019-01,2019-01LA
LA,2019-02,2019-02LA
LA,2019-03,2019-03LA
LA,2019-04,2019-04LA
LA,2019-05,2019-05LA
LA,2019-06,2019-06LA
LA,2019-07,2019-07LA
LA,2019-08,2019-08LA
LA,2019-09,2019-09LA
LA,2019-10,2019-10LA
LA,2019-11,2019-11LA
LA,2019-12,2019-12LA
LA,2020-01,2020-01LA
LA,2020-02,2020-02LA
LA,2020-03,2020-03LA
LA,2020-04,2020-04LA
LA,2020-05,2020-05LA
LA,2020-06,2020-06LA
LA,2020-07,2020-07LA
LA,2020-08,2020-08LA
LA,2020-09,2020-09LA
LA,2020-10,2020-10LA
LA,2020-11,2020-11LA
LA,2020-12,2020-12LA
LA,2021-01,2021-01LA
LA,2021-02,2021-02LA
LA,2021-03,2021-03LA
LA,2021-04,2021-04LA
LA,2021-05,2021-05LA
LA,2021-06,2021-06LA
LA,2021-07,2021-07LA
LA,2021-08,2021-08LA
LA,2021-09,2021-09LA
LA,2021-10,2021-10LA
LA,2021-11,2021-11LA
LA,2021-12,2021-12LA
LA,2022-01,2022-01LA
LA,2022-02,2022-02LA
LA,2022-03,2022-03LA
LA,2022-04,2022-04LA
LA,2022-05,2022-05LA
LA,2022-06,2022-06LA
LA,2022-07,2022-07LA
LA,2022-08,2022-08LA
LA,2022-09,2022-09LA
LA,2022-10,2022-10LA
LA,2022-11,2022-11LA
LA,2022-12,2022-12LA
LA,2023-01,2023-01LA
LA,2023-02,2023-02LA
LA,2023-03,2023-03LA
LA,2023-04,2023-04LA
LA,2023-05,2023-05LA
LA,2023-06,2023-06LA
MA,2018-12,2018-12MA
MA,2019-01,2019-01MA
MA,2019-02,2019-02MA
MA,2019-03,2019-03MA
MA,2019-04,2019-04MA
MA,2019-05,2019-05MA
MA,2019-06,2019-06MA
MA,2019-07,2019-07MA
MA,2019-08,2019-08MA
MA,2019-09,2019-09MA
MA,2019-10,2019-10MA
MA,2019-11,2019-11MA
MA,2019-12,2019-12MA
MA,2020-01,2020-01MA
MA,2020-02,2020-02MA
MA,2020-03,2020-03MA
MA,2020-04,2020-04MA
MA,2020-05,2020-05MA
MA,2020-06,2020-06MA
MA,2020-07,2020-07MA
MA,2020-08,2020-08MA
MA,2020-09,2020-09MA
MA,2020-10,2020-10MA
MA,2020-11,2020-11MA
MA,2020-12,2020-12MA
MA,2021-01,2021-01MA
MA,2021-02,2021-02MA
MA,2021-03,2021-03MA
MA,2021-04,2021-04MA
MA,2021-05,2021-05MA
MA,2021-06,2021-06MA
MA,2021-07,2021-07MA
MA,2021-08,2021-08MA
MA,2021-09,2021-09MA
MA,2021-10,2021-10MA
MA,2021-11,2021-11MA
MA,2021-12,2021-12MA
MA,2022-01,2022-01MA
MA,2022-02,2022-02MA
MA,2022-03,2022-03MA
MA,2022-04,2022-04MA
MA,2022-05,2022-05MA
MA,2022-06,2022-06MA
MA,2022-07,2022-07MA
MA,2022-08,2022-08MA
MA,2022-09,2022-09MA
MA,2022-10,2022-10MA
MA,2022-11,2022-11MA
MA,2022-12,2022-12MA
MA,2023-01,2023-01MA
MA,2023-02,2023-02MA
MA,2023-03,2023-03MA
MA,2023-04,2023-04MA
MA,2023-05,2023-05MA
MA,2023-06,2023-06MA
MD,2018-12,2018-12MD
MD,2019-01,2019-01MD
MD,2019-02,2019-02MD
MD,2019-03,2019-03MD
MD,2019-04,2019-04MD
MD,2019-05,2019-05MD
MD,2019-06,2019-06MD
MD,2019-07,2019-07MD
MD,2019-08,2019-08MD
MD,2019-09,2019-09MD
MD,2019-10,2019-10MD
MD,2019-11,2019-11MD
MD,2019-12,2019-12MD
MD,2020-01,2020-01MD
MD,2020-02,2020-02MD
MD,2020-03,2020-03MD
MD,2020-04,2020-04MD
MD,2020-05,2020-05MD
MD,2020-06,2020-06MD
MD,2020-07,2020-07MD
MD,2020-08,2020-08MD
MD,2020-09,2020-09MD
MD,2020-10,2020-10MD
MD,2020-11,2020-11MD
MD,2020-12,2020-12MD
MD,2021-01,2021-01MD
MD,2021-02,2021-02MD
MD,2021-03,2021-03MD
MD,2021-04,2021-04MD
MD,2021-05,2021-05MD
MD,2021-06,2021-06MD
MD,2021-07,2021-07MD
MD,2021-08,2021-08MD
MD,2021-09,2021-09MD
MD,2021-10,2021-10MD
MD,2021-11,2021-11MD
MD,2021-12,2021-12MD
MD,2022-01,2022-01MD
MD,2022-02,2022-02MD
MD,2022-03,2022-03MD
MD,2022-04,2022-04MD
MD,2022-05,2022-05MD
MD,2022-06,2022-06MD
MD,2022-07,2022-07MD
MD,2022-08,2022-08MD
MD,2022-09,2022-09MD
MD,2022-10,2022-10MD
MD,2022-11,2022-11MD
MD,2022-12,2022-12MD
MD,2023-01,2023-01MD
MD,2023-02,2023-02MD
MD,2023-03,2023-03MD
MD,2023-04,2023-04MD
MD,2023-05,2023-05MD
MD,2023-06,2023-06MD
ME,2018-12,2018-12ME
ME,2019-01,2019-01ME
ME,2019-02,2019-02ME
ME,2019-03,2019-03ME
ME,2019-04,2019-04ME
ME,2019-05,2019-05ME
ME,2019-06,2019-06ME
ME,2019-07,2019-07ME
ME,2019-08,2019-08ME
ME,2019-09,2019-09ME
ME,2019-10,2019-10ME
ME,2019-11,2019-11ME
ME,2019-12,2019-12ME
ME,2020-01,2020-01ME
ME,2020-02,2020-02ME
ME,2020-03,2020-03ME
ME,2020-04,2020-04ME
ME,2020-05,2020-05ME
ME,2020-06,2020-06ME
ME,2020-07,2020-07ME
ME,2020-08,2020-08ME
ME,2020-09,2020-09ME
ME,2020-10,2020-10ME
ME,2020-11,2020-11ME
ME,2020-12,2020-12ME
ME,2021-01,2021-01ME
ME,2021-02,2021-02ME
ME,2021-03,2021-03ME
ME,2021-04,2021-04ME
ME,2021-05,2021-05ME
ME,2021-06,2021-06ME
ME,2021-07,2021-07ME
ME,2021-08,2021-08ME
ME,2021-09,2021-09ME
ME,2021-10,2021-10ME
ME,2021-11,2021-11ME
ME,2021-12,2021-12ME
ME,2022-01,2022-01ME
ME,2022-02,2022-02ME
ME,2022-03,2022-03ME
ME,2022-04,2022-04ME
ME,2022-05,2022-05ME
ME,2022-06,2022-06ME
ME,2022-07,2022-07ME
ME,2022-08,2022-08ME
ME,2022-09,2022-09ME
ME,2022-10,2022-10ME
ME,2022-11,2022-11ME
ME,2022-12,2022-12ME
ME,2023-01,2023-01ME
ME,2023-02,2023-02ME
ME,2023-03,2023-03ME
ME,2023-04,2023-04ME
ME,2023-05,2023-05ME
ME,2023-06,2023-06ME
MI,2018-12,2018-12MI
MI,2019-01,2019-01MI
MI,2019-02,2019-02MI
MI,2019-03,2019-03MI
MI,2019-04,2019-04MI
MI,2019-05,2019-05MI
MI,2019-06,2019-06MI
MI,2019-07,2019-07MI
MI,2019-08,2019-08MI
MI,2019-09,2019-09MI
MI,2019-10,2019-10MI
MI,2019-11,2019-11MI
MI,2019-12,2019-12MI
MI,2020-01,2020-01MI
MI,2020-02,2020-02MI
MI,2020-03,2020-03MI
MI,2020-04,2020-04MI
MI,2020-05,2020-05MI
MI,2020-06,2020-06MI
MI,2020-07,2020-07MI
MI,2020-08,2020-08MI
MI,2020-09,2020-09MI
MI,2020-10,2020-10MI
MI,2020-11,2020-11MI
MI,2020-12,2020-12MI
MI,2021-01,2021-01MI
MI,2021-02,2021-02MI
MI,2021-03,2021-03MI
MI,2021-04,2021-04MI
MI,2021-05,2021-05MI
MI,2021-06,2021-06MI
MI,2021-07,2021-07MI
MI,2021-08,2021-08MI
MI,2021-09,2021-09MI
MI,2021-10,2021-10MI
MI,2021-11,2021-11MI
MI,2021-12,2021-12MI
MI,2022-01,2022-01MI
MI,2022-02,2022-02MI
MI,2022-03,2022-03MI
MI,2022-04,2022-04MI
MI,2022-05,2022-05MI
MI,2022-06,2022-06MI
MI,2022-07,2022-07MI
MI,2022-08,2022-08MI
MI,2022-09,2022-09MI
MI,2022-10,2022-10MI
MI,2022-11,2022-11MI
MI,2022-12,2022-12MI
MI,2023-01,2023-01MI
MI,2023-02,2023-02MI
MI,2023-03,2023-03MI
MI,2023-04,2023-04MI
MI,2023-05,2023-05MI
MI,2023-06,2023-06MI
MN,2018-12,2018-12MN
MN,2019-01,2019-01MN
MN,2019-02,2019-02MN
MN,2019-03,2019-03MN
MN,2019-04,2019-04MN
MN,2019-05,2019-05MN
MN,2019-06,2019-06MN
MN,2019-07,2019-07MN
MN,2019-08,2019-08MN
MN,2019-09,2019-09MN
MN,2019-10,2019-10MN
MN,2019-11,2019-11MN
MN,2019-12,2019-12MN
MN,2020-01,2020-01MN
MN,2020-02,2020-02MN
MN,2020-03,2020-03MN
MN,2020-04,2020-04MN
MN,2020-05,2020-05MN
MN,2020-06,2020-06MN
MN,2020-07,2020-07MN
MN,2020-08,2020-08MN
MN,2020-09,2020-09MN
MN,2020-10,2020-10MN
MN,2020-11,2020-11MN
MN,2020-12,2020-12MN
MN,2021-01,2021-01MN
MN,2021-02,2021-02MN
MN,2021-03,2021-03MN
MN,2021-04,2021-04MN
MN,2021-05,2021-05MN
MN,2021-06,2021-06MN
MN,2021-07,2021-07MN
MN,2021-08,2021-08MN
MN,2021-09,2021-09MN
MN,2021-10,2021-10MN
MN,2021-11,2021-11MN
MN,2021-12,2021-12MN
MN,2022-01,2022-01MN
MN,2022-02,2022-02MN
MN,2022-03,2022-03MN
MN,2022-04,2022-04MN
MN,2022-05,2022-05MN
MN,2022-06,2022-06MN
MN,2022-07,2022-07MN
MN,2022-08,2022-08MN
MN,2022-09,2022-09MN
MN,2022-10,2022-10MN
MN,2022-11,2022-11MN
MN,2022-12,2022-12MN
MN,2023-01,2023-01MN
MN,2023-02,2023-02MN
MN,2023-03,2023-03MN
MN,2023-04,2023-04MN
MN,2023-05,2023-05MN
MN,2023-06,2023-06MN
MO,2018-12,2018-12MO
MO,2019-01,2019-01MO
MO,2019-02,2019-02MO
MO,2019-03,2019-03MO
MO,2019-04,2019-04MO
MO,2019-05,2019-05MO
MO,2019-06,2019-06MO
MO,2019-07,2019-07MO
MO,2019-08,2019-08MO
MO,2019-09,2019-09MO
MO,2019-10,2019-10MO
MO,2019-11,2019-11MO
MO,2019-12,2019-12MO
MO,2020-01,2020-01MO
MO,2020-02,2020-02MO
MO,2020-03,2020-03MO
MO,2020-04,2020-04MO
MO,2020-05,2020-05MO
MO,2020-06,2020-06MO
MO,2020-07,2020-07MO
MO,2020-08,2020-08MO
MO,2020-09,2020-09MO
MO,2020-10,2020-10MO
MO,2020-11,2020-11MO
MO,2020-12,2020-12MO
MO,2021-01,2021-01MO
MO,2021-02,2021-02MO
MO,2021-03,2021-03MO
MO,2021-04,2021-04MO
MO,2021-05,2021-05MO
MO,2021-06,2021-06MO
MO,2021-07,2021-07MO
MO,2021-08,2021-08MO
MO,2021-09,2021-09MO
MO,2021-10,2021-10MO
MO,2021-11,2021-11MO
MO,2021-12,2021-12MO
MO,2022-01,2022-01MO
MO,2022-02,2022-02MO
MO,2022-03,2022-03MO
MO,2022-04,2022-04MO
MO,2022-05,2022-05MO
MO,2022-06,2022-06MO
MO,2022-07,2022-07MO
MO,2022-08,2022-08MO
MO,2022-09,2022-09MO
MO,2022-10,2022-10MO
MO,2022-11,2022-11MO
MO,2022-12,2022-12MO
MO,2023-01,2023-01MO
MO,2023-02,2023-02MO
MO,2023-03,2023-03MO
MO,2023-04,2023-04MO
MO,2023-05,2023-05MO
MO,2023-06,2023-06MO
MS,2018-12,2018-12MS
MS,2019-01,2019-01MS
MS,2019-02,2019-02MS
MS,2019-03,2019-03MS
MS,2019-04,2019-04MS
MS,2019-05,2019-05MS
MS,2019-06,2019-06MS
MS,2019-07,2019-07MS
MS,2019-08,2019-08MS
MS,2019-09,2019-09MS
MS,2019-10,2019-10MS
MS,2019-11,2019-11MS
MS,2019-12,2019-12MS
MS,2020-01,2020-01MS
MS,2020-02,2020-02MS
MS,2020-03,2020-03MS
MS,2020-04,2020-04MS
MS,2020-05,2020-05MS
MS,2020-06,2020-06MS
MS,2020-07,2020-07MS
MS,2020-08,2020-08MS
MS,2020-09,2020-09MS
MS,2020-10,2020-10MS
MS,2020-11,2020-11MS
MS,2020-12,2020-12MS
MS,2021-01,2021-01MS
MS,2021-02,2021-02MS
MS,2021-03,2021-03MS
MS,2021-04,2021-04MS
MS,2021-05,2021-05MS
MS,2021-06,2021-06MS
MS,2021-07,2021-07MS
MS,2021-08,2021-08MS
MS,2021-09,2021-09MS
MS,2021-10,2021-10MS
MS,2021-11,2021-11MS
MS,2021-12,2021-12MS
MS,2022-01,2022-01MS
MS,2022-02,2022-02MS
MS,2022-03,2022-03MS
MS,2022-04,2022-04MS
MS,2022-05,2022-05MS
MS,2022-06,2022-06MS
MS,2022-07,2022-07MS
MS,2022-08,2022-08MS
MS,2022-09,2022-09MS
MS,2022-10,2022-10MS
MS,2022-11,2022-11MS
MS,2022-12,2022-12MS
MS,2023-01,2023-01MS
MS,2023-02,2023-02MS
MS,2023-03,2023-03MS
MS,2023-04,2023-04MS
MS,2023-05,2023-05MS
MS,2023-06,2023-06MS
MT,2018-12,2018-12MT
MT,2019-01,2019-01MT
MT,2019-02,2019-02MT
MT,2019-03,2019-03MT
MT,2019-04,2019-04MT
MT,2019-05,2019-05MT
MT,2019-06,2019-06MT
MT,2019-07,2019-07MT
MT,2019-08,2019-08MT
MT,2019-09,2019-09MT
MT,2019-10,2019-10MT
MT,2019-11,2019-11MT
MT,2019-12,2019-12MT
MT,2020-01,2020-01MT
MT,2020-02,2020-02MT
MT,2020-03,2020-03MT
MT,2020-04,2020-04MT
MT,2020-05,2020-05MT
MT,2020-06,2020-06MT
MT,2020-07,2020-07MT
MT,2020-08,2020-08MT
MT,2020-09,2020-09MT
MT,2020-10,2020-10MT
MT,2020-11,2020-11MT
MT,2020-12,2020-12MT
MT,2021-01,2021-01MT
MT,2021-02,2021-02MT
MT,2021-03,2021-03MT
MT,2021-04,2021-04MT
MT,2021-05,2021-05MT
MT,2021-06,2021-06MT
MT,2021-07,2021-07MT
MT,2021-08,2021-08MT
MT,2021-09,2021-09MT
MT,2021-10,2021-10MT
MT,2021-11,2021-11MT
MT,2021-12,2021-12MT
MT,2022-01,2022-01MT
MT,2022-02,2022-02MT
MT,2022-03,2022-03MT
MT,2022-04,2022-04MT
MT,2022-05,2022-05MT
MT,2022-06,2022-06MT
MT,2022-07,2022-07MT
MT,2022-08,2022-08MT
MT,2022-09,2022-09MT
MT,2022-10,2022-10MT
MT,2022-11,2022-11MT
MT,2022-12,2022-12MT
MT,2023-01,2023-01MT
MT,2023-02,2023-02MT
MT,2023-03,2023-03MT
MT,2023-04,2023-04MT
MT,2023-05,2023-05MT
MT,2023-06,2023-06MT
NC,2018-12,2018-12NC
NC,2019-01,2019-01NC
NC,2019-02,2019-02NC
NC,2019-03,2019-03NC
NC,2019-04,2019-04NC
NC,2019-05,2019-05NC
NC,2019-06,2019-06NC
NC,2019-07,2019-07NC
NC,2019-08,2019-08NC
NC,2019-09,2019-09NC
NC,2019-10,2019-10NC
NC,2019-11,2019-11NC
NC,2019-12,2019-12NC
NC,2020-01,2020-01NC
NC,2020-02,2020-02NC
NC,2020-03,2020-03NC
NC,2020-04,2020-04NC
NC,2020-05,2020-05NC
NC,2020-06,2020-06NC
NC,2020-07,2020-07NC
NC,2020-08,2020-08NC
NC,2020-09,2020-09NC
NC,2020-10,2020-10NC
NC,2020-11,2020-11NC
NC,2020-12,2020-12NC
NC,2021-01,2021-01NC
NC,2021-02,2021-02NC
NC,2021-03,2021-03NC
NC,2021-04,2021-04NC
NC,2021-05,2021-05NC
NC,2021-06,2021-06NC
NC,2021-07,2021-07NC
NC,2021-08,2021-08NC
NC,2021-09,2021-09NC
NC,2021-10,2021-10NC
NC,2021-11,2021-11NC
NC,2021-12,2021-12NC
NC,2022-01,2022-01NC
NC,2022-02,2022-02NC
NC,2022-03,2022-03NC
NC,2022-04,2022-04NC
NC,2022-05,2022-05NC
NC,2022-06,2022-06NC
NC,2022-07,2022-07NC
NC,2022-08,2022-08NC
NC,2022-09,2022-09NC
NC,2022-10,2022-10NC
NC,2022-11,2022-11NC
NC,2022-12,2022-12NC
NC,2023-01,2023-01NC
NC,2023-02,2023-02NC
NC,2023-03,2023-03NC
NC,2023-04,2023-04NC
NC,2023-05,2023-05NC
NC,2023-06,2023-06NC
ND,2018-12,2018-12ND
ND,2019-01,2019-01ND
ND,2019-02,2019-02ND
ND,2019-03,2019-03ND
ND,2019-04,2019-04ND
ND,2019-05,2019-05ND
ND,2019-06,2019-06ND
ND,2019-07,2019-07ND
ND,2019-08,2019-08ND
ND,2019-09,2019-09ND
ND,2019-10,2019-10ND
ND,2019-11,2019-11ND
ND,2019-12,2019-12ND
ND,2020-01,2020-01ND
ND,2020-02,2020-02ND
ND,2020-03,2020-03ND
ND,2020-04,2020-04ND
ND,2020-05,2020-05ND
ND,2020-06,2020-06ND
ND,2020-07,2020-07ND
ND,2020-08,2020-08ND
ND,2020-09,2020-09ND
ND,2020-10,2020-10ND
ND,2020-11,2020-11ND
ND,2020-12,2020-12ND
ND,2021-01,2021-01ND
ND,2021-02,2021-02ND
ND,2021-03,2021-03ND
ND,2021-04,2021-04ND
ND,2021-05,2021-05ND
ND,2021-06,2021-06ND
ND,2021-07,2021-07ND
ND,2021-08,2021-08ND
ND,2021-09,2021-09ND
ND,2021-10,2021-10ND
ND,2021-11,2021-11ND
ND,2021-12,2021-12ND
ND,2022-01,2022-01ND
ND,2022-02,2022-02ND
ND,2022-03,2022-03ND
ND,2022-04,2022-04ND
ND,2022-05,2022-05ND
ND,2022-06,2022-06ND
ND,2022-07,2022-07ND
ND,2022-08,2022-08ND
ND,2022-09,2022-09ND
ND,2022-10,2022-10ND
ND,2022-11,2022-11ND
ND,2022-12,2022-12ND
ND,2023-01,2023-01ND
ND,2023-02,2023-02ND
ND,2023-03,2023-03ND
ND,2023-04,2023-04ND
ND,2023-05,2023-05ND
ND,2023-06,2023-06ND
NE,2018-12,2018-12NE
NE,2019-01,2019-01NE
NE,2019-02,2019-02NE
NE,2019-03,2019-03NE
NE,2019-04,2019-04NE
NE,2019-05,2019-05NE
NE,2019-06,2019-06NE
NE,2019-07,2019-07NE
NE,2019-08,2019-08NE
NE,2019-09,2019-09NE
NE,2019-10,2019-10NE
NE,2019-11,2019-11NE
NE,2019-12,2019-12NE
NE,2020-01,2020-01NE
NE,2020-02,2020-02NE
NE,2020-03,2020-03NE
NE,2020-04,2020-04NE
NE,2020-05,2020-05NE
NE,2020-06,2020-06NE
NE,2020-07,2020-07NE
NE,2020-08,2020-08NE
NE,2020-09,2020-09NE
NE,2020-10,2020-10NE
NE,2020-11,2020-11NE
NE,2020-12,2020-12NE
NE,2021-01,2021-01NE
NE,2021-02,2021-02NE
NE,2021-03,2021-03NE
NE,2021-04,2021-04NE
NE,2021-05,2021-05NE
NE,2021-06,2021-06NE
NE,2021-07,2021-07NE
NE,2021-08,2021-08NE
NE,2021-09,2021-09NE
NE,2021-10,2021-10NE
NE,2021-11,2021-11NE
NE,2021-12,2021-12NE
NE,2022-01,2022-01NE
NE,2022-02,2022-02NE
NE,2022-03,2022-03NE
NE,2022-04,2022-04NE
NE,2022-05,2022-05NE
NE,2022-06,2022-06NE
NE,2022-07,2022-07NE
NE,2022-08,2022-08NE
NE,2022-09,2022-09NE
NE,2022-10,2022-10NE
NE,2022-11,2022-11NE
NE,2022-12,2022-12NE
NE,2023-01,2023-01NE
NE,2023-02,2023-02NE
NE,2023-03,2023-03NE
NE,2023-04,2023-04NE
NE,2023-05,2023-05NE
NE,2023-06,2023-06NE
NH,2018-12,2018-12NH
NH,2019-01,2019-01NH
NH,2019-02,2019-02NH
NH,2019-03,2019-03NH
NH,2019-04,2019-04NH
NH,2019-05,2019-05NH
NH,2019-06,2019-06NH
NH,2019-07,2019-07NH
NH,2019-08,2019-08NH
NH,2019-09,2019-09NH
NH,2019-10,2019-10NH
NH,2019-11,2019-11NH
NH,2019-12,2019-12NH
NH,2020-01,2020-01NH
NH,2020-02,2020-02NH
NH,2020-03,2020-03NH
NH,2020-04,2020-04NH
NH,2020-05,2020-05NH
NH,2020-06,2020-06NH
NH,2020-07,2020-07NH
NH,2020-08,2020-08NH
NH,2020-09,2020-09NH
NH,2020-10,2020-10NH
NH,2020-11,2020-11NH
NH,2020-12,2020-12NH
NH,2021-01,2021-01NH
NH,2021-02,2021-02NH
NH,2021-03,2021-03NH
NH,2021-04,2021-04NH
NH,2021-05,2021-05NH
NH,2021-06,2021-06NH
NH,2021-07,2021-07NH
NH,2021-08,2021-08NH
NH,2021-09,2021-09NH
NH,2021-10,2021-10NH
NH,2021-11,2021-11NH
NH,2021-12,2021-12NH
NH,2022-01,2022-01NH
NH,2022-02,2022-02NH
NH,2022-03,2022-03NH
NH,2022-04,2022-04NH
NH,2022-05,2022-05NH
NH,2022-06,2022-06NH
NH,2022-07,2022-07NH
NH,2022-08,2022-08NH
NH,2022-09,2022-09NH
NH,2022-10,2022-10NH
NH,2022-11,2022-11NH
NH,2022-12,2022-12NH
NH,2023-01,2023-01NH
NH,2023-02,2023-02NH
NH,2023-03,2023-03NH
NH,2023-04,2023-04NH
NH,2023-05,2023-05NH
NH,2023-06,2023-06NH
NJ,2018-12,2018-12NJ
NJ,2019-01,2019-01NJ
NJ,2019-02,2019-02NJ
NJ,2019-03,2019-03NJ
NJ,2019-04,2019-04NJ
NJ,2019-05,2019-05NJ
NJ,2019-06,2019-06NJ
NJ,2019-07,2019-07NJ
NJ,2019-08,2019-08NJ
NJ,2019-09,2019-09NJ
NJ,2019-10,2019-10NJ
NJ,2019-11,2019-11NJ
NJ,2019-12,2019-12NJ
NJ,2020-01,2020-01NJ
NJ,2020-02,2020-02NJ
NJ,2020-03,2020-03NJ
NJ,2020-04,2020-04NJ
NJ,2020-05,2020-05NJ
NJ,2020-06,2020-06NJ
NJ,2020-07,2020-07NJ
NJ,2020-08,2020-08NJ
NJ,2020-09,2020-09NJ
NJ,2020-10,2020-10NJ
NJ,2020-11,2020-11NJ
NJ,2020-12,2020-12NJ
NJ,2021-01,2021-01NJ
NJ,2021-02,2021-02NJ
NJ,2021-03,2021-03NJ
NJ,2021-04,2021-04NJ
NJ,2021-05,2021-05NJ
NJ,2021-06,2021-06NJ
NJ,2021-07,2021-07NJ
NJ,2021-08,2021-08NJ
NJ,2021-09,2021-09NJ
NJ,2021-10,2021-10NJ
NJ,2021-11,2021-11NJ
NJ,2021-12,2021-12NJ
NJ,2022-01,2022-01NJ
NJ,2022-02,2022-02NJ
NJ,2022-03,2022-03NJ
NJ,2022-04,2022-04NJ
NJ,2022-05,2022-05NJ
NJ,2022-06,2022-06NJ
NJ,2022-07,2022-07NJ
NJ,2022-08,2022-08NJ
NJ,2022-09,2022-09NJ
NJ,2022-10,2022-10NJ
NJ,2022-11,2022-11NJ
NJ,2022-12,2022-12NJ
NJ,2023-01,2023-01NJ
NJ,2023-02,2023-02NJ
NJ,2023-03,2023-03NJ
NJ,2023-04,2023-04NJ
NJ,2023-05,2023-05NJ
NJ,2023-06,2023-06NJ
NM,2018-12,2018-12NM
NM,2019-01,2019-01NM
NM,2019-02,2019-02NM
NM,2019-03,2019-03NM
NM,2019-04,2019-04NM
NM,2019-05,2019-05NM
NM,2019-06,2019-06NM
NM,2019-07,2019-07NM
NM,2019-08,2019-08NM
NM,2019-09,2019-09NM
NM,2019-10,2019-10NM
NM,2019-11,2019-11NM
NM,2019-12,2019-12NM
NM,2020-01,2020-01NM
NM,2020-02,2020-02NM
NM,2020-03,2020-03NM
NM,2020-04,2020-04NM
NM,2020-05,2020-05NM
NM,2020-06,2020-06NM
NM,2020-07,2020-07NM
NM,2020-08,2020-08NM
NM,2020-09,2020-09NM
NM,2020-10,2020-10NM
NM,2020-11,2020-11NM
NM,2020-12,2020-12NM
NM,2021-01,2021-01NM
NM,2021-02,2021-02NM
NM,2021-03,2021-03NM
NM,2021-04,2021-04NM
NM,2021-05,2021-05NM
NM,2021-06,2021-06NM
NM,2021-07,2021-07NM
NM,2021-08,2021-08NM
NM,2021-09,2021-09NM
NM,2021-10,2021-10NM
NM,2021-11,2021-11NM
NM,2021-12,2021-12NM
NM,2022-01,2022-01NM
NM,2022-02,2022-02NM
NM,2022-03,2022-03NM
NM,2022-04,2022-04NM
NM,2022-05,2022-05NM
NM,2022-06,2022-06NM
NM,2022-07,2022-07NM
NM,2022-08,2022-08NM
NM,2022-09,2022-09NM
NM,2022-10,2022-10NM
NM,2022-11,2022-11NM
NM,2022-12,2022-12NM
NM,2023-01,2023-01NM
NM,2023-02,2023-02NM
NM,2023-03,2023-03NM
NM,2023-04,2023-04NM
NM,2023-05,2023-05NM
NM,2023-06,2023-06NM
NV,2018-12,2018-12NV
NV,2019-01,2019-01NV
NV,2019-02,2019-02NV
NV,2019-03,2019-03NV
NV,2019-04,2019-04NV
NV,2019-05,2019-05NV
NV,2019-06,2019-06NV
NV,2019-07,2019-07NV
NV,2019-08,2019-08NV
NV,2019-09,2019-09NV
NV,2019-10,2019-10NV
NV,2019-11,2019-11NV
NV,2019-12,2019-12NV
NV,2020-01,2020-01NV
NV,2020-02,2020-02NV
NV,2020-03,2020-03NV
NV,2020-04,2020-04NV
NV,2020-05,2020-05NV
NV,2020-06,2020-06NV
NV,2020-07,2020-07NV
NV,2020-08,2020-08NV
NV,2020-09,2020-09NV
NV,2020-10,2020-10NV
NV,2020-11,2020-11NV
NV,2020-12,2020-12NV
NV,2021-01,2021-01NV
NV,2021-02,2021-02NV
NV,2021-03,2021-03NV
NV,2021-04,2021-04NV
NV,2021-05,2021-05NV
NV,2021-06,2021-06NV
NV,2021-07,2021-07NV
NV,2021-08,2021-08NV
NV,2021-09,2021-09NV
NV,2021-10,2021-10NV
NV,2021-11,2021-11NV
NV,2021-12,2021-12NV
NV,2022-01,2022-01NV
NV,2022-02,2022-02NV
NV,2022-03,2022-03NV
NV,2022-04,2022-04NV
NV,2022-05,2022-05NV
NV,2022-06,2022-06NV
NV,2022-07,2022-07NV
NV,2022-08,2022-08NV
NV,2022-09,2022-09NV
NV,2022-10,2022-10NV
NV,2022-11,2022-11NV
NV,2022-12,2022-12NV
NV,2023-01,2023-01NV
NV,2023-02,2023-02NV
NV,2023-03,2023-03NV
NV,2023-04,2023-04NV
NV,2023-05,2023-05NV
NV,2023-06,2023-06NV
NY,2018-12,2018-12NY
NY,2019-01,2019-01NY
NY,2019-02,2019-02NY
NY,2019-03,2019-03NY
NY,2019-04,2019-04NY
NY,2019-05,2019-05NY
NY,2019-06,2019-06NY
NY,2019-07,2019-07NY
NY,2019-08,2019-08NY
NY,2019-09,2019-09NY
NY,2019-10,2019-10NY
NY,2019-11,2019-11NY
NY,2019-12,2019-12NY
NY,2020-01,2020-01NY
NY,2020-02,2020-02NY
NY,2020-03,2020-03NY
NY,2020-04,2020-04NY
NY,2020-05,2020-05NY
NY,2020-06,2020-06NY
NY,2020-07,2020-07NY
NY,2020-08,2020-08NY
NY,2020-09,2020-09NY
NY,2020-10,2020-10NY
NY,2020-11,2020-11NY
NY,2020-12,2020-12NY
NY,2021-01,2021-01NY
NY,2021-02,2021-02NY
NY,2021-03,2021-03NY
NY,2021-04,2021-04NY
NY,2021-05,2021-05NY
NY,2021-06,2021-06NY
NY,2021-07,2021-07NY
NY,2021-08,2021-08NY
NY,2021-09,2021-09NY
NY,2021-10,2021-10NY
NY,2021-11,2021-11NY
NY,2021-12,2021-12NY
NY,2022-01,2022-01NY
NY,2022-02,2022-02NY
NY,2022-03,2022-03NY
NY,2022-04,2022-04NY
NY,2022-05,2022-05NY
NY,2022-06,2022-06NY
NY,2022-07,2022-07NY
NY,2022-08,2022-08NY
NY,2022-09,2022-09NY
NY,2022-10,2022-10NY
NY,2022-11,2022-11NY
NY,2022-12,2022-12NY
NY,2023-01,2023-01NY
NY,2023-02,2023-02NY
NY,2023-03,2023-03NY
NY,2023-04,2023-04NY
NY,2023-05,2023-05NY
NY,2023-06,2023-06NY
OH,2018-12,2018-12OH
OH,2019-01,2019-01OH
OH,2019-02,2019-02OH
OH,2019-03,2019-03OH
OH,2019-04,2019-04OH
OH,2019-05,2019-05OH
OH,2019-06,2019-06OH
OH,2019-07,2019-07OH
OH,2019-08,2019-08OH
OH,2019-09,2019-09OH
OH,2019-10,2019-10OH
OH,2019-11,2019-11OH
OH,2019-12,2019-12OH
OH,2020-01,2020-01OH
OH,2020-02,2020-02OH
OH,2020-03,2020-03OH
OH,2020-04,2020-04OH
OH,2020-05,2020-05OH
OH,2020-06,2020-06OH
OH,2020-07,2020-07OH
OH,2020-08,2020-08OH
OH,2020-09,2020-09OH
OH,2020-10,2020-10OH
OH,2020-11,2020-11OH
OH,2020-12,2020-12OH
OH,2021-01,2021-01OH
OH,2021-02,2021-02OH
OH,2021-03,2021-03OH
OH,2021-04,2021-04OH
OH,2021-05,2021-05OH
OH,2021-06,2021-06OH
OH,2021-07,2021-07OH
OH,2021-08,2021-08OH
OH,2021-09,2021-09OH
OH,2021-10,2021-10OH
OH,2021-11,2021-11OH
OH,2021-12,2021-12OH
OH,2022-01,2022-01OH
OH,2022-02,2022-02OH
OH,2022-03,2022-03OH
OH,2022-04,2022-04OH
OH,2022-05,2022-05OH
OH,2022-06,2022-06OH
OH,2022-07,2022-07OH
OH,2022-08,2022-08OH
OH,2022-09,2022-09OH
OH,2022-10,2022-10OH
OH,2022-11,2022-11OH
OH,2022-12,2022-12OH
OH,2023-01,2023-01OH
OH,2023-02,2023-02OH
OH,2023-03,2023-03OH
OH,2023-04,2023-04OH
OH,2023-05,2023-05OH
OH,2023-06,2023-06OH
OK,2018-12,2018-12OK
OK,2019-01,2019-01OK
OK,2019-02,2019-02OK
OK,2019-03,2019-03OK
OK,2019-04,2019-04OK
OK,2019-05,2019-05OK
OK,2019-06,2019-06OK
OK,2019-07,2019-07OK
OK,2019-08,2019-08OK
OK,2019-09,2019-09OK
OK,2019-10,2019-10OK
OK,2019-11,2019-11OK
OK,2019-12,2019-12OK
OK,2020-01,2020-01OK
OK,2020-02,2020-02OK
OK,2020-03,2020-03OK
OK,2020-04,2020-04OK
OK,2020-05,2020-05OK
OK,2020-06,2020-06OK
OK,2020-07,2020-07OK
OK,2020-08,2020-08OK
OK,2020-09,2020-09OK
OK,2020-10,2020-10OK
OK,2020-11,2020-11OK
OK,2020-12,2020-12OK
OK,2021-01,2021-01OK
OK,2021-02,2021-02OK
OK,2021-03,2021-03OK
OK,2021-04,2021-04OK
OK,2021-05,2021-05OK
OK,2021-06,2021-06OK
OK,2021-07,2021-07OK
OK,2021-08,2021-08OK
OK,2021-09,2021-09OK
OK,2021-10,2021-10OK
OK,2021-11,2021-11OK
OK,2021-12,2021-12OK
OK,2022-01,2022-01OK
OK,2022-02,2022-02OK
OK,2022-03,2022-03OK
OK,2022-04,2022-04OK
OK,2022-05,2022-05OK
OK,2022-06,2022-06OK
OK,2022-07,2022-07OK
OK,2022-08,2022-08OK
OK,2022-09,2022-09OK
OK,2022-10,2022-10OK
OK,2022-11,2022-11OK
OK,2022-12,2022-12OK
OK,2023-01,2023-01OK
OK,2023-02,2023-02OK
OK,2023-03,2023-03OK
OK,2023-04,2023-04OK
OK,2023-05,2023-05OK
OK,2023-06,2023-06OK
OR,2018-12,2018-12OR
OR,2019-01,2019-01OR
OR,2019-02,2019-02OR
OR,2019-03,2019-03OR
OR,2019-04,2019-04OR
OR,2019-05,2019-05OR
OR,2019-06,2019-06OR
OR,2019-07,2019-07OR
OR,2019-08,2019-08OR
OR,2019-09,2019-09OR
OR,2019-10,2019-10OR
OR,2019-11,2019-11OR
OR,2019-12,2019-12OR
OR,2020-01,2020-01OR
OR,2020-02,2020-02OR
OR,2020-03,2020-03OR
OR,2020-04,2020-04OR
OR,2020-05,2020-05OR
OR,2020-06,2020-06OR
OR,2020-07,2020-07OR
OR,2020-08,2020-08OR
OR,2020-09,2020-09OR
OR,2020-10,2020-10OR
OR,2020-11,2020-11OR
OR,2020-12,2020-12OR
OR,2021-01,2021-01OR
OR,2021-02,2021-02OR
OR,2021-03,2021-03OR
OR,2021-04,2021-04OR
OR,2021-05,2021-05OR
OR,2021-06,2021-06OR
OR,2021-07,2021-07OR
OR,2021-08,2021-08OR
OR,2021-09,2021-09OR
OR,2021-10,2021-10OR
OR,2021-11,2021-11OR
OR,2021-12,2021-12OR
OR,2022-01,2022-01OR
OR,2022-02,2022-02OR
OR,2022-03,2022-03OR
OR,2022-04,2022-04OR
OR,2022-05,2022-05OR
OR,2022-06,2022-06OR
OR,2022-07,2022-07OR
OR,2022-08,2022-08OR
OR,2022-09,2022-09OR
OR,2022-10,2022-10OR
OR,2022-11,2022-11OR
OR,2022-12,2022-12OR
OR,2023-01,2023-01OR
OR,2023-02,2023-02OR
OR,2023-03,2023-03OR
OR,2023-04,2023-04OR
OR,2023-05,2023-05OR
OR,2023-06,2023-06OR
PA,2018-12,2018-12PA
PA,2019-01,2019-01PA
PA,2019-02,2019-02PA
PA,2019-03,2019-03PA
PA,2019-04,2019-04PA
PA,2019-05,2019-05PA
PA,2019-06,2019-06PA
PA,2019-07,2019-07PA
PA,2019-08,2019-08PA
PA,2019-09,2019-09PA
PA,2019-10,2019-10PA
PA,2019-11,2019-11PA
PA,2019-12,2019-12PA
PA,2020-01,2020-01PA
PA,2020-02,2020-02PA
PA,2020-03,2020-03PA
PA,2020-04,2020-04PA
PA,2020-05,2020-05PA
PA,2020-06,2020-06PA
PA,2020-07,2020-07PA
PA,2020-08,2020-08PA
PA,2020-09,2020-09PA
PA,2020-10,2020-10PA
PA,2020-11,2020-11PA
PA,2020-12,2020-12PA
PA,2021-01,2021-01PA
PA,2021-02,2021-02PA
PA,2021-03,2021-03PA
PA,2021-04,2021-04PA
PA,2021-05,2021-05PA
PA,2021-06,2021-06PA
PA,2021-07,2021-07PA
PA,2021-08,2021-08PA
PA,2021-09,2021-09PA
PA,2021-10,2021-10PA
PA,2021-11,2021-11PA
PA,2021-12,2021-12PA
PA,2022-01,2022-01PA
PA,2022-02,2022-02PA
PA,2022-03,2022-03PA
PA,2022-04,2022-04PA
PA,2022-05,2022-05PA
PA,2022-06,2022-06PA
PA,2022-07,2022-07PA
PA,2022-08,2022-08PA
PA,2022-09,2022-09PA
PA,2022-10,2022-10PA
PA,2022-11,2022-11PA
PA,2022-12,2022-12PA
PA,2023-01,2023-01PA
PA,2023-02,2023-02PA
PA,2023-03,2023-03PA
PA,2023-04,2023-04PA
PA,2023-05,2023-05PA
PA,2023-06,2023-06PA
RI,2018-12,2018-12RI
RI,2019-01,2019-01RI
RI,2019-02,2019-02RI
RI,2019-03,2019-03RI
RI,2019-04,2019-04RI
RI,2019-05,2019-05RI
RI,2019-06,2019-06RI
RI,2019-07,2019-07RI
RI,2019-08,2019-08RI
RI,2019-09,2019-09RI
RI,2019-10,2019-10RI
RI,2019-11,2019-11RI
RI,2019-12,2019-12RI
RI,2020-01,2020-01RI
RI,2020-02,2020-02RI
RI,2020-03,2020-03RI
RI,2020-04,2020-04RI
RI,2020-05,2020-05RI
RI,2020-06,2020-06RI
RI,2020-07,2020-07RI
RI,2020-08,2020-08RI
RI,2020-09,2020-09RI
RI,2020-10,2020-10RI
RI,2020-11,2020-11RI
RI,2020-12,2020-12RI
RI,2021-01,2021-01RI
RI,2021-02,2021-02RI
RI,2021-03,2021-03RI
RI,2021-04,2021-04RI
RI,2021-05,2021-05RI
RI,2021-06,2021-06RI
RI,2021-07,2021-07RI
RI,2021-08,2021-08RI
RI,2021-09,2021-09RI
RI,2021-10,2021-10RI
RI,2021-11,2021-11RI
RI,2021-12,2021-12RI
RI,2022-01,2022-01RI
RI,2022-02,2022-02RI
RI,2022-03,2022-03RI
RI,2022-04,2022-04RI
RI,2022-05,2022-05RI
RI,2022-06,2022-06RI
RI,2022-07,2022-07RI
RI,2022-08,2022-08RI
RI,2022-09,2022-09RI
RI,2022-10,2022-10RI
RI,2022-11,2022-11RI
RI,2022-12,2022-12RI
RI,2023-01,2023-01RI
RI,2023-02,2023-02RI
RI,2023-03,2023-03RI
RI,2023-04,2023-04RI
RI,2023-05,2023-05RI
RI,2023-06,2023-06RI
SC,2018-12,2018-12SC
SC,2019-01,2019-01SC
SC,2019-02,2019-02SC
SC,2019-03,2019-03SC
SC,2019-04,2019-04SC
SC,2019-05,2019-05SC
SC,2019-06,2019-06SC
SC,2019-07,2019-07SC
SC,2019-08,2019-08SC
SC,2019-09,2019-09SC
SC,2019-10,2019-10SC
SC,2019-11,2019-11SC
SC,2019-12,2019-12SC
SC,2020-01,2020-01SC
SC,2020-02,2020-02SC
SC,2020-03,2020-03SC
SC,2020-04,2020-04SC
SC,2020-05,2020-05SC
SC,2020-06,2020-06SC
SC,2020-07,2020-07SC
SC,2020-08,2020-08SC
SC,2020-09,2020-09SC
SC,2020-10,2020-10SC
SC,2020-11,2020-11SC
SC,2020-12,2020-12SC
SC,2021-01,2021-01SC
SC,2021-02,2021-02SC
SC,2021-03,2021-03SC
SC,2021-04,2021-04SC
SC,2021-05,2021-05SC
SC,2021-06,2021-06SC
SC,2021-07,2021-07SC
SC,2021-08,2021-08SC
SC,2021-09,2021-09SC
SC,2021-10,2021-10SC
SC,2021-11,2021-11SC
SC,2021-12,2021-12SC
SC,2022-01,2022-01SC
SC,2022-02,2022-02SC
SC,2022-03,2022-03SC
SC,2022-04,2022-04SC
SC,2022-05,2022-05SC
SC,2022-06,2022-06SC
SC,2022-07,2022-07SC
SC,2022-08,2022-08SC
SC,2022-09,2022-09SC
SC,2022-10,2022-10SC
SC,2022-11,2022-11SC
SC,2022-12,2022-12SC
SC,2023-01,2023-01SC
SC,2023-02,2023-02SC
SC,2023-03,2023-03SC
SC,2023-04,2023-04SC
SC,2023-05,2023-05SC
SC,2023-06,2023-06SC
SD,2018-12,2018-12SD
SD,2019-01,2019-01SD
SD,2019-02,2019-02SD
SD,2019-03,2019-03SD
SD,2019-04,2019-04SD
SD,2019-05,2019-05SD
SD,2019-06,2019-06SD
SD,2019-07,2019-07SD
SD,2019-08,2019-08SD
SD,2019-09,2019-09SD
SD,2019-10,2019-10SD
SD,2019-11,2019-11SD
SD,2019-12,2019-12SD
SD,2020-01,2020-01SD
SD,2020-02,2020-02SD
SD,2020-03,2020-03SD
SD,2020-04,2020-04SD
SD,2020-05,2020-05SD
SD,2020-06,2020-06SD
SD,2020-07,2020-07SD
SD,2020-08,2020-08SD
SD,2020-09,2020-09SD
SD,2020-10,2020-10SD
SD,2020-11,2020-11SD
SD,2020-12,2020-12SD
SD,2021-01,2021-01SD
SD,2021-02,2021-02SD
SD,2021-03,2021-03SD
SD,2021-04,2021-04SD
SD,2021-05,2021-05SD
SD,2021-06,2021-06SD
SD,2021-07,2021-07SD
SD,2021-08,2021-08SD
SD,2021-09,2021-09SD
SD,2021-10,2021-10SD
SD,2021-11,2021-11SD
SD,2021-12,2021-12SD
SD,2022-01,2022-01SD
SD,2022-02,2022-02SD
SD,2022-03,2022-03SD
SD,2022-04,2022-04SD
SD,2022-05,2022-05SD
SD,2022-06,2022-06SD
SD,2022-07,2022-07SD
SD,2022-08,2022-08SD
SD,2022-09,2022-09SD
SD,2022-10,2022-10SD
SD,2022-11,2022-11SD
SD,2022-12,2022-12SD
SD,2023-01,2023-01SD
SD,2023-02,2023-02SD
SD,2023-03,2023-03SD
SD,2023-04,2023-04SD
SD,2023-05,2023-05SD
SD,2023-06,2023-06SD
TN,2018-12,2018-12TN
TN,2019-01,2019-01TN
TN,2019-02,2019-02TN
TN,2019-03,2019-03TN
TN,2019-04,2019-04TN
TN,2019-05,2019-05TN
TN,2019-06,2019-06TN
TN,2019-07,2019-07TN
TN,2019-08,2019-08TN
TN,2019-09,2019-09TN
TN,2019-10,2019-10TN
TN,2019-11,2019-11TN
TN,2019-12,2019-12TN
TN,2020-01,2020-01TN
TN,2020-02,2020-02TN
TN,2020-03,2020-03TN
TN,2020-04,2020-04TN
TN,2020-05,2020-05TN
TN,2020-06,2020-06TN
TN,2020-07,2020-07TN
TN,2020-08,2020-08TN
TN,2020-09,2020-09TN
TN,2020-10,2020-10TN
TN,2020-11,2020-11TN
TN,2020-12,2020-12TN
TN,2021-01,2021-01TN
TN,2021-02,2021-02TN
TN,2021-03,2021-03TN
TN,2021-04,2021-04TN
TN,2021-05,2021-05TN
TN,2021-06,2021-06TN
TN,2021-07,2021-07TN
TN,2021-08,2021-08TN
TN,2021-09,2021-09TN
TN,2021-10,2021-10TN
TN,2021-11,2021-11TN
TN,2021-12,2021-12TN
TN,2022-01,2022-01TN
TN,2022-02,2022-02TN
TN,2022-03,2022-03TN
TN,2022-04,2022-04TN
TN,2022-05,2022-05TN
TN,2022-06,2022-06TN
TN,2022-07,2022-07TN
TN,2022-08,2022-08TN
TN,2022-09,2022-09TN
TN,2022-10,2022-10TN
TN,2022-11,2022-11TN
TN,2022-12,2022-12TN
TN,2023-01,2023-01TN
TN,2023-02,2023-02TN
TN,2023-03,2023-03TN
TN,2023-04,2023-04TN
TN,2023-05,2023-05TN
TN,2023-06,2023-06TN
TX,2018-12,2018-12TX
TX,2019-01,2019-01TX
TX,2019-02,2019-02TX
TX,2019-03,2019-03TX
TX,2019-04,2019-04TX
TX,2019-05,2019-05TX
TX,2019-06,2019-06TX
TX,2019-07,2019-07TX
TX,2019-08,2019-08TX
TX,2019-09,2019-09TX
TX,2019-10,2019-10TX
TX,2019-11,2019-11TX
TX,2019-12,2019-12TX
TX,2020-01,2020-01TX
TX,2020-02,2020-02TX
TX,2020-03,2020-03TX
TX,2020-04,2020-04TX
TX,2020-05,2020-05TX
TX,2020-06,2020-06TX
TX,2020-07,2020-07TX
TX,2020-08,2020-08TX
TX,2020-09,2020-09TX
TX,2020-10,2020-10TX
TX,2020-11,2020-11TX
TX,2020-12,2020-12TX
TX,2021-01,2021-01TX
TX,2021-02,2021-02TX
TX,2021-03,2021-03TX
TX,2021-04,2021-04TX
TX,2021-05,2021-05TX
TX,2021-06,2021-06TX
TX,2021-07,2021-07TX
TX,2021-08,2021-08TX
TX,2021-09,2021-09TX
TX,2021-10,2021-10TX
TX,2021-11,2021-11TX
TX,2021-12,2021-12TX
TX,2022-01,2022-01TX
TX,2022-02,2022-02TX
TX,2022-03,2022-03TX
TX,2022-04,2022-04TX
TX,2022-05,2022-05TX
TX,2022-06,2022-06TX
TX,2022-07,2022-07TX
TX,2022-08,2022-08TX
TX,2022-09,2022-09TX
TX,2022-10,2022-10TX
TX,2022-11,2022-11TX
TX,2022-12,2022-12TX
TX,2023-01,2023-01TX
TX,2023-02,2023-02TX
TX,2023-03,2023-03TX
TX,2023-04,2023-04TX
TX,2023-05,2023-05TX
TX,2023-06,2023-06TX
UT,2018-12,2018-12UT
UT,2019-01,2019-01UT
UT,2019-02,2019-02UT
UT,2019-03,2019-03UT
UT,2019-04,2019-04UT
UT,2019-05,2019-05UT
UT,2019-06,2019-06UT
UT,2019-07,2019-07UT
UT,2019-08,2019-08UT
UT,2019-09,2019-09UT
UT,2019-10,2019-10UT
UT,2019-11,2019-11UT
UT,2019-12,2019-12UT
UT,2020-01,2020-01UT
UT,2020-02,2020-02UT
UT,2020-03,2020-03UT
UT,2020-04,2020-04UT
UT,2020-05,2020-05UT
UT,2020-06,2020-06UT
UT,2020-07,2020-07UT
UT,2020-08,2020-08UT
UT,2020-09,2020-09UT
UT,2020-10,2020-10UT
UT,2020-11,2020-11UT
UT,2020-12,2020-12UT
UT,2021-01,2021-01UT
UT,2021-02,2021-02UT
UT,2021-03,2021-03UT
UT,2021-04,2021-04UT
UT,2021-05,2021-05UT
UT,2021-06,2021-06UT
UT,2021-07,2021-07UT
UT,2021-08,2021-08UT
UT,2021-09,2021-09UT
UT,2021-10,2021-10UT
UT,2021-11,2021-11UT
UT,2021-12,2021-12UT
UT,2022-01,2022-01UT
UT,2022-02,2022-02UT
UT,2022-03,2022-03UT
UT,2022-04,2022-04UT
UT,2022-05,2022-05UT
UT,2022-06,2022-06UT
UT,2022-07,2022-07UT
UT,2022-08,2022-08UT
UT,2022-09,2022-09UT
UT,2022-10,2022-10UT
UT,2022-11,2022-11UT
UT,2022-12,2022-12UT
UT,2023-01,2023-01UT
UT,2023-02,2023-02UT
UT,2023-03,2023-03UT
UT,2023-04,2023-04UT
UT,2023-05,2023-05UT
UT,2023-06,2023-06UT
VA,2018-12,2018-12VA
VA,2019-01,2019-01VA
VA,2019-02,2019-02VA
VA,2019-03,2019-03VA
VA,2019-04,2019-04VA
VA,2019-05,2019-05VA
VA,2019-06,2019-06VA
VA,2019-07,2019-07VA
VA,2019-08,2019-08VA
VA,2019-09,2019-09VA
VA,2019-10,2019-10VA
VA,2019-11,2019-11VA
VA,2019-12,2019-12VA
VA,2020-01,2020-01VA
VA,2020-02,2020-02VA
VA,2020-03,2020-03VA
VA,2020-04,2020-04VA
VA,2020-05,2020-05VA
VA,2020-06,2020-06VA
VA,2020-07,2020-07VA
VA,2020-08,2020-08VA
VA,2020-09,2020-09VA
VA,2020-10,2020-10VA
VA,2020-11,2020-11VA
VA,2020-12,2020-12VA
VA,2021-01,2021-01VA
VA,2021-02,2021-02VA
VA,2021-03,2021-03VA
VA,2021-04,2021-04VA
VA,2021-05,2021-05VA
VA,2021-06,2021-06VA
VA,2021-07,2021-07VA
VA,2021-08,2021-08VA
VA,2021-09,2021-09VA
VA,2021-10,2021-10VA
VA,2021-11,2021-11VA
VA,2021-12,2021-12VA
VA,2022-01,2022-01VA
VA,2022-02,2022-02VA
VA,2022-03,2022-03VA
VA,2022-04,2022-04VA
VA,2022-05,2022-05VA
VA,2022-06,2022-06VA
VA,2022-07,2022-07VA
VA,2022-08,2022-08VA
VA,2022-09,2022-09VA
VA,2022-10,2022-10VA
VA,2022-11,2022-11VA
VA,2022-12,2022-12VA
VA,2023-01,2023-01VA
VA,2023-02,2023-02VA
VA,2023-03,2023-03VA
VA,2023-04,2023-04VA
VA,2023-05,2023-05VA
VA,2023-06,2023-06VA
VT,2018-12,2018-12VT
VT,2019-01,2019-01VT
VT,2019-02,2019-02VT
VT,2019-03,2019-03VT
VT,2019-04,2019-04VT
VT,2019-05,2019-05VT
VT,2019-06,2019-06VT
VT,2019-07,2019-07VT
VT,2019-08,2019-08VT
VT,2019-09,2019-09VT
VT,2019-10,2019-10VT
VT,2019-11,2019-11VT
VT,2019-12,2019-12VT
VT,2020-01,2020-01VT
VT,2020-02,2020-02VT
VT,2020-03,2020-03VT
VT,2020-04,2020-04VT
VT,2020-05,2020-05VT
VT,2020-06,2020-06VT
VT,2020-07,2020-07VT
VT,2020-08,2020-08VT
VT,2020-09,2020-09VT
VT,2020-10,2020-10VT
VT,2020-11,2020-11VT
VT,2020-12,2020-12VT
VT,2021-01,2021-01VT
VT,2021-02,2021-02VT
VT,2021-03,2021-03VT
VT,2021-04,2021-04VT
VT,2021-05,2021-05VT
VT,2021-06,2021-06VT
VT,2021-07,2021-07VT
VT,2021-08,2021-08VT
VT,2021-09,2021-09VT
VT,2021-10,2021-10VT
VT,2021-11,2021-11VT
VT,2021-12,2021-12VT
VT,2022-01,2022-01VT
VT,2022-02,2022-02VT
VT,2022-03,2022-03VT
VT,2022-04,2022-04VT
VT,2022-05,2022-05VT
VT,2022-06,2022-06VT
VT,2022-07,2022-07VT
VT,2022-08,2022-08VT
VT,2022-09,2022-09VT
VT,2022-10,2022-10VT
VT,2022-11,2022-11VT
VT,2022-12,2022-12VT
VT,2023-01,2023-01VT
VT,2023-02,2023-02VT
VT,2023-03,2023-03VT
VT,2023-04,2023-04VT
VT,2023-05,2023-05VT
VT,2023-06,2023-06VT
WA,2018-12,2018-12WA
WA,2019-01,2019-01WA
WA,2019-02,2019-02WA
WA,2019-03,2019-03WA
WA,2019-04,2019-04WA
WA,2019-05,2019-05WA
WA,2019-06,2019-06WA
WA,2019-07,2019-07WA
WA,2019-08,2019-08WA
WA,2019-09,2019-09WA
WA,2019-10,2019-10WA
WA,2019-11,2019-11WA
WA,2019-12,2019-12WA
WA,2020-01,2020-01WA
WA,2020-02,2020-02WA
WA,2020-03,2020-03WA
WA,2020-04,2020-04WA
WA,2020-05,2020-05WA
WA,2020-06,2020-06WA
WA,2020-07,2020-07WA
WA,2020-08,2020-08WA
WA,2020-09,2020-09WA
WA,2020-10,2020-10WA
WA,2020-11,2020-11WA
WA,2020-12,2020-12WA
WA,2021-01,2021-01WA
WA,2021-02,2021-02WA
WA,2021-03,2021-03WA
WA,2021-04,2021-04WA
WA,2021-05,2021-05WA
WA,2021-06,2021-06WA
WA,2021-07,2021-07WA
WA,2021-08,2021-08WA
WA,2021-09,2021-09WA
WA,2021-10,2021-10WA
WA,2021-11,2021-11WA
WA,2021-12,2021-12WA
WA,2022-01,2022-01WA
WA,2022-02,2022-02WA
WA,2022-03,2022-03WA
WA,2022-04,2022-04WA
WA,2022-05,2022-05WA
WA,2022-06,2022-06WA
WA,2022-07,2022-07WA
WA,2022-08,2022-08WA
WA,2022-09,2022-09WA
WA,2022-10,2022-10WA
WA,2022-11,2022-11WA
WA,2022-12,2022-12WA
WA,2023-01,2023-01WA
WA,2023-02,2023-02WA
WA,2023-03,2023-03WA
WA,2023-04,2023-04WA
WA,2023-05,2023-05WA
WA,2023-06,2023-06WA
WI,2018-12,2018-12WI
WI,2019-01,2019-01WI
WI,2019-02,2019-02WI
WI,2019-03,2019-03WI
WI,2019-04,2019-04WI
WI,2019-05,2019-05WI
WI,2019-06,2019-06WI
WI,2019-07,2019-07WI
WI,2019-08,2019-08WI
WI,2019-09,2019-09WI
WI,2019-10,2019-10WI
WI,2019-11,2019-11WI
WI,2019-12,2019-12WI
WI,2020-01,2020-01WI
WI,2020-02,2020-02WI
WI,2020-03,2020-03WI
WI,2020-04,2020-04WI
WI,2020-05,2020-05WI
WI,2020-06,2020-06WI
WI,2020-07,2020-07WI
WI,2020-08,2020-08WI
WI,2020-09,2020-09WI
WI,2020-10,2020-10WI
WI,2020-11,2020-11WI
WI,2020-12,2020-12WI
WI,2021-01,2021-01WI
WI,2021-02,2021-02WI
WI,2021-03,2021-03WI
WI,2021-04,2021-04WI
WI,2021-05,2021-05WI
WI,2021-06,2021-06WI
WI,2021-07,2021-07WI
WI,2021-08,2021-08WI
WI,2021-09,2021-09WI
WI,2021-10,2021-10WI
WI,2021-11,2021-11WI
WI,2021-12,2021-12WI
WI,2022-01,2022-01WI
WI,2022-02,2022-02WI
WI,2022-03,2022-03WI
WI,2022-04,2022-04WI
WI,2022-05,2022-05WI
WI,2022-06,2022-06WI
WI,2022-07,2022-07WI
WI,2022-08,2022-08WI
WI,2022-09,2022-09WI
WI,2022-10,2022-10WI
WI,2022-11,2022-11WI
WI,2022-12,2022-12WI
WI,2023-01,2023-01WI
WI,2023-02,2023-02WI
WI,2023-03,2023-03WI
WI,2023-04,2023-04WI
WI,2023-05,2023-05WI
WI,2023-06,2023-06WI
WV,2018-12,2018-12WV
WV,2019-01,2019-01WV
WV,2019-02,2019-02WV
WV,2019-03,2019-03WV
WV,2019-04,2019-04WV
WV,2019-05,2019-05WV
WV,2019-06,2019-06WV
WV,2019-07,2019-07WV
WV,2019-08,2019-08WV
WV,2019-09,2019-09WV
WV,2019-10,2019-10WV
WV,2019-11,2019-11WV
WV,2019-12,2019-12WV
WV,2020-01,2020-01WV
WV,2020-02,2020-02WV
WV,2020-03,2020-03WV
WV,2020-04,2020-04WV
WV,2020-05,2020-05WV
WV,2020-06,2020-06WV
WV,2020-07,2020-07WV
WV,2020-08,2020-08WV
WV,2020-09,2020-09WV
WV,2020-10,2020-10WV
WV,2020-11,2020-11WV
WV,2020-12,2020-12WV
WV,2021-01,2021-01WV
WV,2021-02,2021-02WV
WV,2021-03,2021-03WV
WV,2021-04,2021-04WV
WV,2021-05,2021-05WV
WV,2021-06,2021-06WV
WV,2021-07,2021-07WV
WV,2021-08,2021-08WV
WV,2021-09,2021-09WV
WV,2021-10,2021-10WV
WV,2021-11,2021-11WV
WV,2021-12,2021-12WV
WV,2022-01,2022-01WV
WV,2022-02,2022-02WV
WV,2022-03,2022-03WV
WV,2022-04,2022-04WV
WV,2022-05,2022-05WV
WV,2022-06,2022-06WV
WV,2022-07,2022-07WV
WV,2022-08,2022-08WV
WV,2022-09,2022-09WV
WV,2022-10,2022-10WV
WV,2022-11,2022-11WV
WV,2022-12,2022-12WV
WV,2023-01,2023-01WV
WV,2023-02,2023-02WV
WV,2023-03,2023-03WV
WV,2023-04,2023-04WV
WV,2023-05,2023-05WV
WV,2023-06,2023-06WV
WY,2018-12,2018-12WY
WY,2019-01,2019-01WY
WY,2019-02,2019-02WY
WY,2019-03,2019-03WY
WY,2019-04,2019-04WY
WY,2019-05,2019-05WY
WY,2019-06,2019-06WY
WY,2019-07,2019-07WY
WY,2019-08,2019-08WY
WY,2019-09,2019-09WY
WY,2019-10,2019-10WY
WY,2019-11,2019-11WY
WY,2019-12,2019-12WY
WY,2020-01,2020-01WY
WY,2020-02,2020-02WY
WY,2020-03,2020-03WY
WY,2020-04,2020-04WY
WY,2020-05,2020-05WY
WY,2020-06,2020-06WY
WY,2020-07,2020-07WY
WY,2020-08,2020-08WY
WY,2020-09,2020-09WY
WY,2020-10,2020-10WY
WY,2020-11,2020-11WY
WY,2020-12,2020-12WY
WY,2021-01,2021-01WY
WY,2021-02,2021-02WY
WY,2021-03,2021-03WY
WY,2021-04,2021-04WY
WY,2021-05,2021-05WY
WY,2021-06,2021-06WY
WY,2021-07,2021-07WY
WY,2021-08,2021-08WY
WY,2021-09,2021-09WY
WY,2021-10,2021-10WY
WY,2021-11,2021-11WY
WY,2021-12,2021-12WY
WY,2022-01,2022-01WY
WY,2022-02,2022-02WY
WY,2022-03,2022-03WY
WY,2022-04,2022-04WY
WY,2022-05,2022-05WY
WY,2022-06,2022-06WY
WY,2022-07,2022-07WY
WY,2022-08,2022-08WY
WY,2022-09,2022-09WY
WY,2022-10,2022-10WY
WY,2022-11,2022-11WY
WY,2022-12,2022-12WY
WY,2023-01,2023-01WY
WY,2023-02,2023-02WY
WY,2023-03,2023-03WY
WY,2023-04,2023-04WY
WY,2023-05,2023-05WY
WY,2023-06,2023-06WY
